label,GPT4_LLM_Label
time_manipulation,Timestamp Dependence
time_manipulation,Timestamp Dependence
time_manipulation,Timestamp Dependence
time_manipulation,Timestamp Dependence
time_manipulation,Timestamp Dependence
time_manipulation,Timestamp Dependence
unchecked_low_level_calls,Unchecked Low-Level Calls
unchecked_low_level_calls,Unchecked Low-Level Calls
unchecked_low_level_calls,Access Control
unchecked_low_level_calls,Unchecked Low-Level Calls
unchecked_low_level_calls,Unchecked Low-Level Calls
unchecked_low_level_calls,Unchecked Low-Level Calls
unchecked_low_level_calls,Unchecked Low-Level Calls
unchecked_low_level_calls,Unchecked Low-Level Calls
unchecked_low_level_calls,Access Control
unchecked_low_level_calls,Unchecked Low-Level Calls
unchecked_low_level_calls,Unchecked Low-Level Calls
unchecked_low_level_calls,Unchecked Low-Level Calls
unchecked_low_level_calls,Unchecked Low-Level Calls
unchecked_low_level_calls,Unchecked Low-Level Calls
unchecked_low_level_calls,Unchecked Low-Level Calls
unchecked_low_level_calls,Unchecked Low-Level Calls
unchecked_low_level_calls,Unchecked Low-Level Calls
unchecked_low_level_calls,Access Control
unchecked_low_level_calls,Unchecked Low-Level Calls
unchecked_low_level_calls,Unchecked Low-Level Calls
unchecked_low_level_calls,Unchecked Low-Level Calls
unchecked_low_level_calls,Unchecked Low-Level Calls
unchecked_low_level_calls,Unchecked Low-Level Calls
unchecked_low_level_calls,Unchecked Low-Level Calls
unchecked_low_level_calls,Unchecked Low-Level Calls
unchecked_low_level_calls,Unchecked Low-Level Calls
unchecked_low_level_calls,Access Control
unchecked_low_level_calls,Unchecked Low-Level Calls
unchecked_low_level_calls,Unchecked Low-Level Calls
unchecked_low_level_calls,Unchecked Low-Level Calls
unchecked_low_level_calls,Unchecked Low-Level Calls
unchecked_low_level_calls,Unchecked Low-Level Calls
unchecked_low_level_calls,Unchecked Low-Level Calls
unchecked_low_level_calls,Unchecked Low-Level Calls
unchecked_low_level_calls,Unchecked Low-Level Calls
unchecked_low_level_calls,Unchecked Low-Level Calls
unchecked_low_level_calls,Unchecked Low-Level Calls
unchecked_low_level_calls,Unchecked Low-Level Calls
unchecked_low_level_calls,Unchecked Low-Level Calls
unchecked_low_level_calls,Unchecked Low-Level Calls
unchecked_low_level_calls,Unchecked Low-Level Calls
unchecked_low_level_calls,Unchecked Low-Level Calls
unchecked_low_level_calls,Unchecked Low-Level Calls
unchecked_low_level_calls,Unchecked Low-Level Calls
unchecked_low_level_calls,Unchecked Low-Level Calls
unchecked_low_level_calls,Unchecked Low-Level Calls
unchecked_low_level_calls,Unchecked Low-Level Calls
unchecked_low_level_calls,Unchecked Low-Level Calls
unchecked_low_level_calls,Unchecked Low-Level Calls
unchecked_low_level_calls,Unchecked Low-Level Calls
unchecked_low_level_calls,Unchecked Low-Level Calls
unchecked_low_level_calls,Unchecked Low-Level Calls
timestamp dependency (TP),Access Control
timestamp dependency (TP),Access Control
timestamp dependency (TP),Access Control
timestamp dependency (TP),Access Control
timestamp dependency (TP),Access Control
timestamp dependency (TP),Access Control
timestamp dependency (TP),Front-Running
timestamp dependency (TP),Access Control
timestamp dependency (TP),Logical Flaws
timestamp dependency (TP),Access Control
timestamp dependency (TP),Access Control
timestamp dependency (TP),Access Control
timestamp dependency (TP),Access Control
timestamp dependency (TP),Reentrancy
timestamp dependency (TP),Insecure Randomness
timestamp dependency (TP),Timestamp Dependence
timestamp dependency (TP),Access Control
timestamp dependency (TP),Access Control
timestamp dependency (TP),Access Control
timestamp dependency (TP),Access Control
timestamp dependency (TP),Integer Overflow/Underflow
timestamp dependency (TP),Economic Exploits
timestamp dependency (TP),Access Control
timestamp dependency (TP),Oracle Dependencies
timestamp dependency (TP),Access Control
timestamp dependency (TP),Front-Running
timestamp dependency (TP),Access Control
timestamp dependency (TP),Access Control
timestamp dependency (TP),Access Control
timestamp dependency (TP),Access Control
timestamp dependency (TP),Access Control
timestamp dependency (TP),Integer Overflow/Underflow
timestamp dependency (TP),Access Control
timestamp dependency (TP),Access Control
timestamp dependency (TP),Access Control
timestamp dependency (TP),Access Control
timestamp dependency (TP),Timestamp Dependence
timestamp dependency (TP),Unsafe Arithmetic Operations
timestamp dependency (TP),Access Control
timestamp dependency (TP),Access Control
timestamp dependency (TP),Access Control
timestamp dependency (TP),Access Control
timestamp dependency (TP),Front-Running
timestamp dependency (TP),Access Control
timestamp dependency (TP),Access Control
timestamp dependency (TP),Access Control
timestamp dependency (TP),Logical Flaws
timestamp dependency (TP),Access Control
timestamp dependency (TP),Access Control
timestamp dependency (TP),Access Control
timestamp dependency (TP),Access Control
timestamp dependency (TP),Access Control
timestamp dependency (TP),Access Control
timestamp dependency (TP),Access Control
timestamp dependency (TP),Access Control
timestamp dependency (TP),Access Control
timestamp dependency (TP),Access Control
timestamp dependency (TP),Timestamp Dependence
timestamp dependency (TP),Timestamp Dependence
timestamp dependency (TP),Access Control
timestamp dependency (TP),Front-Running
timestamp dependency (TP),Access Control
timestamp dependency (TP),Oracle Dependencies
timestamp dependency (TP),Access Control
timestamp dependency (TP),Access Control
timestamp dependency (TP),Insecure Randomness
timestamp dependency (TP),Access Control
timestamp dependency (TP),Access Control
timestamp dependency (TP),Access Control
timestamp dependency (TP),Unsafe Arithmetic Operations
timestamp dependency (TP),Access Control
timestamp dependency (TP),Access Control
timestamp dependency (TP),Access Control
timestamp dependency (TP),Access Control
timestamp dependency (TP),Unexpected Ether Balance
timestamp dependency (TP),Access Control
timestamp dependency (TP),Timestamp Dependence
timestamp dependency (TP),Access Control
timestamp dependency (TP),Access Control
timestamp dependency (TP),Access Control
timestamp dependency (TP),Access Control
timestamp dependency (TP),Access Control
timestamp dependency (TP),Access Control
timestamp dependency (TP),Access Control
timestamp dependency (TP),Access Control
timestamp dependency (TP),Integer Overflow/Underflow
timestamp dependency (TP),Integer Overflow/Underflow
timestamp dependency (TP),Front-Running
timestamp dependency (TP),Access Control
timestamp dependency (TP),Integer Overflow/Underflow
timestamp dependency (TP),Access Control
timestamp dependency (TP),Access Control
timestamp dependency (TP),Access Control
timestamp dependency (TP),Access Control
timestamp dependency (TP),Access Control
timestamp dependency (TP),Access Control
timestamp dependency (TP),Front-Running
timestamp dependency (TP),Front-Running
timestamp dependency (TP),Access Control
timestamp dependency (TP),Access Control
timestamp dependency (TP),Access Control
timestamp dependency (TP),Access Control
timestamp dependency (TP),Access Control
timestamp dependency (TP),Access Control
timestamp dependency (TP),Access Control
timestamp dependency (TP),Access Control
timestamp dependency (TP),Access Control
timestamp dependency (TP),Access Control
timestamp dependency (TP),Access Control
timestamp dependency (TP),Access Control
timestamp dependency (TP),Front-Running
timestamp dependency (TP),Integer Overflow/Underflow
timestamp dependency (TP),Access Control
timestamp dependency (TP),Access Control
timestamp dependency (TP),Access Control
timestamp dependency (TP),Access Control
timestamp dependency (TP),Access Control
timestamp dependency (TP),Access Control
timestamp dependency (TP),Access Control
timestamp dependency (TP),Access Control
timestamp dependency (TP),Logical Flaws
timestamp dependency (TP),Access Control
timestamp dependency (TP),Front-Running
timestamp dependency (TP),Access Control
timestamp dependency (TP),Access Control
timestamp dependency (TP),Front-Running
timestamp dependency (TP),Access Control
timestamp dependency (TP),Front-Running
timestamp dependency (TP),Access Control
timestamp dependency (TP),Access Control
timestamp dependency (TP),Access Control
timestamp dependency (TP),Access Control
timestamp dependency (TP),Front-Running
timestamp dependency (TP),Access Control
timestamp dependency (TP),Access Control
timestamp dependency (TP),Reentrancy
timestamp dependency (TP),Access Control
timestamp dependency (TP),Access Control
timestamp dependency (TP),Access Control
timestamp dependency (TP),Access Control
timestamp dependency (TP),Access Control
timestamp dependency (TP),Logical Flaws
timestamp dependency (TP),Access Control
timestamp dependency (TP),Access Control
timestamp dependency (TP),Access Control
timestamp dependency (TP),Access Control
timestamp dependency (TP),Access Control
timestamp dependency (TP),Insecure Randomness
timestamp dependency (TP),Access Control
timestamp dependency (TP),Access Control
timestamp dependency (TP),Timestamp Dependence
timestamp dependency (TP),Access Control
timestamp dependency (TP),Access Control
timestamp dependency (TP),Access Control
timestamp dependency (TP),Access Control
timestamp dependency (TP),Access Control
timestamp dependency (TP),Access Control
timestamp dependency (TP),Access Control
timestamp dependency (TP),Access Control
timestamp dependency (TP),Access Control
timestamp dependency (TP),Access Control
timestamp dependency (TP),Front-Running
timestamp dependency (TP),Access Control
timestamp dependency (TP),Transaction Order Dependence
timestamp dependency (TP),Access Control
timestamp dependency (TP),Logical Flaws
timestamp dependency (TP),Access Control
timestamp dependency (TP),Access Control
timestamp dependency (TP),Access Control
timestamp dependency (TP),Access Control
timestamp dependency (TP),Access Control
timestamp dependency (TP),Access Control
timestamp dependency (TP),Access Control
timestamp dependency (TP),Access Control
timestamp dependency (TP),Logical Flaws
timestamp dependency (TP),Access Control
timestamp dependency (TP),Access Control
timestamp dependency (TP),Access Control
timestamp dependency (TP),Front-Running
timestamp dependency (TP),Access Control
timestamp dependency (TP),Access Control
timestamp dependency (TP),Timestamp Dependence
timestamp dependency (TP),Access Control
timestamp dependency (TP),Timestamp Dependence
timestamp dependency (TP),Unexpected Ether Balance
timestamp dependency (TP),Access Control
timestamp dependency (TP),Access Control
timestamp dependency (TP),Access Control
timestamp dependency (TP),Logical Flaws
timestamp dependency (TP),Access Control
timestamp dependency (TP),Access Control
timestamp dependency (TP),Access Control
timestamp dependency (TP),Access Control
timestamp dependency (TP),Access Control
timestamp dependency (TP),Access Control
timestamp dependency (TP),Access Control
timestamp dependency (TP),Front-Running
timestamp dependency (TP),Access Control
timestamp dependency (TP),Access Control
timestamp dependency (TP),Access Control
timestamp dependency (TP),Access Control
timestamp dependency (TP),Access Control
timestamp dependency (TP),Access Control
timestamp dependency (TP),Unexpected Ether Balance
timestamp dependency (TP),Access Control
timestamp dependency (TP),Access Control
timestamp dependency (TP),Access Control
timestamp dependency (TP),Unsafe Arithmetic Operations
timestamp dependency (TP),Access Control
timestamp dependency (TP),Access Control
timestamp dependency (TP),Front-Running
timestamp dependency (TP),Access Control
timestamp dependency (TP),Logical Flaws
timestamp dependency (TP),Access Control
timestamp dependency (TP),Access Control
timestamp dependency (TP),Front-Running
timestamp dependency (TP),Access Control
timestamp dependency (TP),Access Control
timestamp dependency (TP),Access Control
timestamp dependency (TP),Access Control
timestamp dependency (TP),Access Control
timestamp dependency (TP),Access Control
timestamp dependency (TP),Access Control
timestamp dependency (TP),Access Control
timestamp dependency (TP),Unexpected Ether Balance
timestamp dependency (TP),Access Control
timestamp dependency (TP),Front-Running
timestamp dependency (TP),Access Control
timestamp dependency (TP),Access Control
timestamp dependency (TP),Access Control
timestamp dependency (TP),Access Control
timestamp dependency (TP),Access Control
timestamp dependency (TP),Access Control
timestamp dependency (TP),Access Control
timestamp dependency (TP),Access Control
timestamp dependency (TP),Logical Flaws
timestamp dependency (TP),Access Control
timestamp dependency (TP),Access Control
timestamp dependency (TP),Reentrancy
timestamp dependency (TP),Access Control
timestamp dependency (TP),Front-Running
timestamp dependency (TP),Access Control
timestamp dependency (TP),Access Control
timestamp dependency (TP),Access Control
timestamp dependency (TP),Access Control
timestamp dependency (TP),Access Control
timestamp dependency (TP),Access Control
timestamp dependency (TP),Access Control
timestamp dependency (TP),Timestamp Dependence
timestamp dependency (TP),Access Control
timestamp dependency (TP),Access Control
timestamp dependency (TP),Access Control
timestamp dependency (TP),Logical Flaws
timestamp dependency (TP),Access Control
timestamp dependency (TP),Economic Exploits
timestamp dependency (TP),Front-Running
timestamp dependency (TP),Access Control
timestamp dependency (TP),Access Control
timestamp dependency (TP),Access Control
timestamp dependency (TP),Timestamp Dependence
timestamp dependency (TP),Access Control
timestamp dependency (TP),Logical Flaws
timestamp dependency (TP),Access Control
timestamp dependency (TP),Access Control
timestamp dependency (TP),Access Control
timestamp dependency (TP),Unsafe Arithmetic Operations
timestamp dependency (TP),Access Control
timestamp dependency (TP),Access Control
timestamp dependency (TP),Access Control
timestamp dependency (TP),Access Control
timestamp dependency (TP),Access Control
timestamp dependency (TP),Access Control
timestamp dependency (TP),Access Control
timestamp dependency (TP),Unsafe Arithmetic Operations
timestamp dependency (TP),Logical Flaws
timestamp dependency (TP),Access Control
timestamp dependency (TP),Access Control
timestamp dependency (TP),Timestamp Dependence
timestamp dependency (TP),Access Control
timestamp dependency (TP),Access Control
timestamp dependency (TP),Access Control
timestamp dependency (TP),Access Control
timestamp dependency (TP),Timestamp Dependence
timestamp dependency (TP),Logical Flaws
timestamp dependency (TP),Front-Running
timestamp dependency (TP),Unsafe Arithmetic Operations
timestamp dependency (TP),Access Control
timestamp dependency (TP),Access Control
timestamp dependency (TP),Access Control
timestamp dependency (TP),Timestamp Dependence
timestamp dependency (TP),Reentrancy
timestamp dependency (TP),Integer Overflow/Underflow
timestamp dependency (TP),Access Control
timestamp dependency (TP),Access Control
timestamp dependency (TP),Access Control
timestamp dependency (TP),Access Control
timestamp dependency (TP),Access Control
timestamp dependency (TP),Access Control
timestamp dependency (TP),Access Control
timestamp dependency (TP),Access Control
timestamp dependency (TP),Access Control
timestamp dependency (TP),Unsafe Arithmetic Operations
timestamp dependency (TP),Access Control
timestamp dependency (TP),Front-Running
timestamp dependency (TP),Timestamp Dependence
timestamp dependency (TP),Access Control
timestamp dependency (TP),Access Control
timestamp dependency (TP),Access Control
timestamp dependency (TP),Oracle Dependencies
timestamp dependency (TP),Access Control
timestamp dependency (TP),Access Control
time_manipulation,Timestamp Dependence
time_manipulation,Timestamp Dependence
time_manipulation,Timestamp Dependence
time_manipulation,Timestamp Dependence
time_manipulation,Timestamp Dependence
time_manipulation,Timestamp Dependence
reentrancy (RE),Access Control
reentrancy (RE),Access Control
reentrancy (RE),Access Control
reentrancy (RE),Access Control
reentrancy (RE),Uninitialized Storage Pointers
reentrancy (RE),Access Control
reentrancy (RE),Unchecked Low-Level Calls
reentrancy (RE),Uninitialized Storage Pointers
reentrancy (RE),Access Control
reentrancy (RE),Insecure Coding Patterns
reentrancy (RE),Unprotected Functions
reentrancy (RE),Access Control
reentrancy (RE),Unchecked Low-Level Calls
reentrancy (RE),Unprotected Functions
reentrancy (RE),Access Control
reentrancy (RE),Unsafe Arithmetic Operations
reentrancy (RE),Oracle Dependencies
reentrancy (RE),Access Control
reentrancy (RE),Improper Input Validation
reentrancy (RE),Unchecked Low-Level Calls
reentrancy (RE),Unprotected Self-Destruct
reentrancy (RE),Access Control
reentrancy (RE),Unprotected Functions
reentrancy (RE),Unchecked Low-Level Calls
reentrancy (RE),Access Control
reentrancy (RE),Insecure Coding Patterns
reentrancy (RE),Access Control
reentrancy (RE),Access Control
reentrancy (RE),Access Control
reentrancy (RE),Access Control
reentrancy (RE),Access Control
reentrancy (RE),Access Control
reentrancy (RE),Uninitialized Storage Pointers
reentrancy (RE),Access Control
reentrancy (RE),Oracle Dependencies
reentrancy (RE),Access Control
reentrancy (RE),Access Control
reentrancy (RE),Improper Input Validation
reentrancy (RE),Unchecked Low-Level Calls
reentrancy (RE),Uninitialized Storage Pointers
reentrancy (RE),Unchecked Low-Level Calls
reentrancy (RE),Unsafe Arithmetic Operations
reentrancy (RE),Unprotected Functions
reentrancy (RE),Access Control
reentrancy (RE),Oracle Dependencies
reentrancy (RE),Uninitialized Storage Pointers
reentrancy (RE),Uninitialized Storage Pointers
reentrancy (RE),Uninitialized Storage Pointers
reentrancy (RE),Unprotected Functions
reentrancy (RE),Access Control
reentrancy (RE),Access Control
reentrancy (RE),Access Control
reentrancy (RE),Access Control
reentrancy (RE),Access Control
reentrancy (RE),Access Control
reentrancy (RE),Unprotected Functions
reentrancy (RE),Access Control
reentrancy (RE),Uninitialized Storage Pointers
reentrancy (RE),Access Control
reentrancy (RE),Access Control
reentrancy (RE),Access Control
reentrancy (RE),Access Control
reentrancy (RE),Uninitialized Storage Pointers
reentrancy (RE),Unchecked Low-Level Calls
reentrancy (RE),Access Control
reentrancy (RE),Access Control
reentrancy (RE),Access Control
reentrancy (RE),Access Control
reentrancy (RE),Access Control
reentrancy (RE),Access Control
reentrancy (RE),Access Control
reentrancy (RE),Access Control
reentrancy (RE),Insecure Coding Patterns
reentrancy (RE),Access Control
reentrancy (RE),Access Control
reentrancy (RE),Access Control
reentrancy (RE),Access Control
reentrancy (RE),Access Control
reentrancy (RE),Access Control
reentrancy (RE),Unprotected Functions
reentrancy (RE),Access Control
reentrancy (RE),Access Control
reentrancy (RE),Insecure Coding Patterns
reentrancy (RE),Reentrancy
reentrancy (RE),Uninitialized Storage Pointers
reentrancy (RE),Access Control
reentrancy (RE),Uninitialized Storage Pointers
reentrancy (RE),Unchecked Low-Level Calls
reentrancy (RE),Access Control
reentrancy (RE),Access Control
reentrancy (RE),Uninitialized Storage Pointers
reentrancy (RE),Access Control
reentrancy (RE),Access Control
reentrancy (RE),Access Control
reentrancy (RE),Access Control
reentrancy (RE),Unchecked Low-Level Calls
reentrancy (RE),Uninitialized Storage Pointers
reentrancy (RE),Access Control
reentrancy (RE),Access Control
reentrancy (RE),Access Control
reentrancy (RE),Uninitialized Storage Pointers
reentrancy (RE),Uninitialized Storage Pointers
reentrancy (RE),Access Control
reentrancy (RE),Access Control
reentrancy (RE),Uninitialized Storage Pointers
reentrancy (RE),Access Control
reentrancy (RE),Unsafe Arithmetic Operations
reentrancy (RE),Access Control
reentrancy (RE),Unchecked Low-Level Calls
reentrancy (RE),Access Control
reentrancy (RE),Access Control
reentrancy (RE),Uninitialized Storage Pointers
reentrancy (RE),Uninitialized Storage Pointers
reentrancy (RE),Uninitialized Storage Pointers
reentrancy (RE),Unchecked Low-Level Calls
reentrancy (RE),Access Control
reentrancy (RE),Unchecked Low-Level Calls
reentrancy (RE),Access Control
reentrancy (RE),Access Control
reentrancy (RE),Access Control
reentrancy (RE),Unprotected Functions
reentrancy (RE),Access Control
reentrancy (RE),Uninitialized Storage Pointers
reentrancy (RE),Access Control
reentrancy (RE),Uninitialized Storage Pointers
reentrancy (RE),Access Control
reentrancy (RE),Insecure Coding Patterns
reentrancy (RE),Access Control
reentrancy (RE),Access Control
reentrancy (RE),Access Control
reentrancy (RE),Unchecked Low-Level Calls
reentrancy (RE),Unprotected Functions
reentrancy (RE),Integer Overflow/Underflow
reentrancy (RE),Uninitialized Storage Pointers
reentrancy (RE),Improper Input Validation
reentrancy (RE),Access Control
reentrancy (RE),Access Control
reentrancy (RE),Access Control
reentrancy (RE),Access Control
reentrancy (RE),Access Control
reentrancy (RE),Insecure Coding Patterns
reentrancy (RE),Access Control
reentrancy (RE),Unchecked Low-Level Calls
reentrancy (RE),Reentrancy
reentrancy (RE),Unprotected Functions
reentrancy (RE),Access Control
reentrancy (RE),Uninitialized Storage Pointers
reentrancy (RE),Unchecked Low-Level Calls
reentrancy (RE),Unprotected Functions
reentrancy (RE),Uninitialized Storage Pointers
reentrancy (RE),Uninitialized Storage Pointers
reentrancy (RE),Unprotected Self-Destruct
reentrancy (RE),Access Control
reentrancy (RE),Access Control
reentrancy (RE),Access Control
reentrancy (RE),Uninitialized Storage Pointers
reentrancy (RE),Economic Exploits
reentrancy (RE),Unchecked Low-Level Calls
reentrancy (RE),Access Control
reentrancy (RE),Access Control
reentrancy (RE),Unchecked Low-Level Calls
reentrancy (RE),Access Control
reentrancy (RE),Uninitialized Storage Pointers
reentrancy (RE),Insecure Coding Patterns
reentrancy (RE),Access Control
reentrancy (RE),Access Control
reentrancy (RE),Reentrancy
reentrancy (RE),Access Control
reentrancy (RE),Uninitialized Storage Pointers
reentrancy (RE),Unchecked Low-Level Calls
reentrancy (RE),Improper Input Validation
reentrancy (RE),Uninitialized Storage Pointers
reentrancy (RE),Uninitialized Storage Pointers
reentrancy (RE),Access Control
reentrancy (RE),Access Control
reentrancy (RE),Improper Input Validation
reentrancy (RE),Access Control
reentrancy (RE),Uninitialized Storage Pointers
reentrancy (RE),Unchecked Low-Level Calls
reentrancy (RE),Uninitialized Storage Pointers
reentrancy (RE),Uninitialized Storage Pointers
reentrancy (RE),Access Control
reentrancy (RE),Access Control
reentrancy (RE),Access Control
reentrancy (RE),Insecure Coding Patterns
reentrancy (RE),Unprotected Functions
reentrancy (RE),Access Control
reentrancy (RE),Access Control
reentrancy (RE),Access Control
reentrancy (RE),Access Control
reentrancy (RE),Oracle Dependencies
reentrancy (RE),Uninitialized Storage Pointers
reentrancy (RE),Access Control
reentrancy (RE),Access Control
reentrancy (RE),Access Control
reentrancy (RE),Access Control
reentrancy (RE),Uninitialized Storage Pointers
reentrancy (RE),Access Control
reentrancy (RE),Access Control
reentrancy (RE),Uninitialized Storage Pointers
reentrancy (RE),Unprotected Self-Destruct
reentrancy (RE),Unprotected Functions
reentrancy (RE),Access Control
reentrancy (RE),Unprotected Functions
reentrancy (RE),Reentrancy
reentrancy (RE),Access Control
reentrancy (RE),Access Control
reentrancy (RE),Unchecked Low-Level Calls
reentrancy (RE),Unprotected Functions
reentrancy (RE),Access Control
reentrancy (RE),Unprotected Functions
reentrancy (RE),Access Control
reentrancy (RE),Insecure Coding Patterns
reentrancy (RE),Access Control
reentrancy (RE),Unchecked Low-Level Calls
reentrancy (RE),Insecure Coding Patterns
reentrancy (RE),Integer Overflow/Underflow
reentrancy (RE),Access Control
reentrancy (RE),Access Control
reentrancy (RE),Uninitialized Storage Pointers
reentrancy (RE),Access Control
reentrancy (RE),Access Control
reentrancy (RE),Access Control
reentrancy (RE),Logical Flaws
reentrancy (RE),Access Control
reentrancy (RE),Unchecked Low-Level Calls
reentrancy (RE),Uninitialized Storage Pointers
reentrancy (RE),Access Control
reentrancy (RE),Access Control
reentrancy (RE),Access Control
reentrancy (RE),Unprotected Functions
reentrancy (RE),Access Control
reentrancy (RE),Access Control
reentrancy (RE),Uninitialized Storage Pointers
reentrancy (RE),Unchecked Low-Level Calls
reentrancy (RE),Access Control
reentrancy (RE),Unprotected Functions
reentrancy (RE),Access Control
reentrancy (RE),Insecure Coding Patterns
reentrancy (RE),Uninitialized Storage Pointers
reentrancy (RE),Access Control
reentrancy (RE),Insecure Coding Patterns
reentrancy (RE),Unchecked Low-Level Calls
reentrancy (RE),Access Control
reentrancy (RE),Access Control
reentrancy (RE),Insecure Coding Patterns
reentrancy (RE),Front-Running
reentrancy (RE),Access Control
reentrancy (RE),Uninitialized Storage Pointers
reentrancy (RE),Unchecked Low-Level Calls
reentrancy (RE),Unchecked Low-Level Calls
reentrancy (RE),Access Control
reentrancy (RE),Unprotected Functions
reentrancy (RE),Unchecked Low-Level Calls
reentrancy (RE),Unprotected Functions
reentrancy (RE),Access Control
reentrancy (RE),Uninitialized Storage Pointers
reentrancy (RE),Uninitialized Storage Pointers
reentrancy (RE),Access Control
reentrancy (RE),Unprotected Functions
reentrancy (RE),Unprotected Functions
reentrancy (RE),Uninitialized Storage Pointers
reentrancy (RE),Oracle Dependencies
reentrancy (RE),Unchecked Low-Level Calls
reentrancy (RE),Access Control
reentrancy (RE),Access Control
reentrancy (RE),Access Control
reentrancy (RE),Uninitialized Storage Pointers
reentrancy (RE),Access Control
reentrancy (RE),Access Control
reentrancy (RE),Access Control
reentrancy (RE),Uninitialized Storage Pointers
reentrancy (RE),Access Control
reentrancy (RE),Access Control
reentrancy (RE),Access Control
reentrancy (RE),Access Control
reentrancy (RE),Access Control
reentrancy (RE),Access Control
reentrancy (RE),Access Control
reentrancy (RE),Access Control
reentrancy (RE),Oracle Dependencies
reentrancy (RE),Access Control
reentrancy (RE),Insecure Coding Patterns
reentrancy (RE),Access Control
reentrancy (RE),Access Control
reentrancy (RE),Access Control
reentrancy (RE),Access Control
reentrancy (RE),Access Control
reentrancy (RE),Uninitialized Storage Pointers
reentrancy (RE),Access Control
reentrancy (RE),Uninitialized Storage Pointers
reentrancy (RE),Unchecked Low-Level Calls
reentrancy (RE),Access Control
reentrancy (RE),Access Control
reentrancy (RE),Unsafe Arithmetic Operations
reentrancy (RE),Access Control
reentrancy (RE),Access Control
reentrancy (RE),Unchecked Low-Level Calls
reentrancy (RE),Access Control
reentrancy (RE),Access Control
reentrancy (RE),Access Control
reentrancy (RE),Uninitialized Storage Pointers
reentrancy (RE),Improper Input Validation
reentrancy (RE),Unprotected Functions
reentrancy (RE),Access Control
reentrancy (RE),Unchecked Low-Level Calls
reentrancy (RE),Access Control
reentrancy (RE),Access Control
reentrancy (RE),Access Control
reentrancy (RE),Uninitialized Storage Pointers
reentrancy (RE),Access Control
reentrancy (RE),Access Control
reentrancy (RE),Logical Flaws
reentrancy (RE),Access Control
reentrancy (RE),Unprotected Functions
reentrancy (RE),Access Control
reentrancy (RE),Access Control
reentrancy (RE),Uninitialized Storage Pointers
reentrancy (RE),Access Control
reentrancy (RE),Access Control
reentrancy (RE),Insecure Coding Patterns
reentrancy (RE),Access Control
reentrancy (RE),Unprotected Self-Destruct
reentrancy (RE),Access Control
reentrancy (RE),Access Control
reentrancy (RE),Unchecked Low-Level Calls
reentrancy (RE),Access Control
reentrancy (RE),Uninitialized Storage Pointers
reentrancy (RE),Access Control
reentrancy (RE),Insecure Coding Patterns
reentrancy (RE),Uninitialized Storage Pointers
reentrancy (RE),Timestamp Dependence
reentrancy (RE),Access Control
reentrancy (RE),Access Control
reentrancy (RE),Access Control
reentrancy (RE),Access Control
reentrancy (RE),Access Control
reentrancy (RE),Access Control
reentrancy (RE),Logical Flaws
reentrancy (RE),Uninitialized Storage Pointers
reentrancy (RE),Access Control
reentrancy (RE),Uninitialized Storage Pointers
reentrancy (RE),Access Control
reentrancy (RE),Uninitialized Storage Pointers
reentrancy (RE),Uninitialized Storage Pointers
reentrancy (RE),Uninitialized Storage Pointers
reentrancy (RE),Access Control
reentrancy (RE),Access Control
reentrancy (RE),Access Control
reentrancy (RE),Unprotected Functions
reentrancy (RE),Uninitialized Storage Pointers
reentrancy (RE),Unchecked Low-Level Calls
reentrancy (RE),Unprotected Functions
reentrancy (RE),Access Control
reentrancy (RE),Unprotected Functions
reentrancy (RE),Uninitialized Storage Pointers
reentrancy (RE),Unsafe Arithmetic Operations
reentrancy (RE),Access Control
reentrancy (RE),Access Control
reentrancy (RE),Access Control
reentrancy (RE),Access Control
reentrancy (RE),Access Control
reentrancy (RE),Unexpected Ether Balance
reentrancy (RE),Access Control
reentrancy (RE),Access Control
reentrancy (RE),Access Control
reentrancy (RE),Access Control
reentrancy (RE),Unprotected Functions
reentrancy (RE),Unchecked Low-Level Calls
reentrancy (RE),Insecure Coding Patterns
reentrancy (RE),Unprotected Functions
reentrancy (RE),Access Control
reentrancy (RE),Unprotected Functions
reentrancy (RE),Unsafe Arithmetic Operations
reentrancy (RE),Unchecked Low-Level Calls
reentrancy (RE),Access Control
reentrancy (RE),Unprotected Functions
reentrancy (RE),Access Control
reentrancy (RE),Access Control
reentrancy (RE),Access Control
reentrancy (RE),Access Control
reentrancy (RE),Access Control
reentrancy (RE),Access Control
reentrancy (RE),Unprotected Functions
reentrancy (RE),Access Control
reentrancy (RE),Access Control
reentrancy (RE),Uninitialized Storage Pointers
reentrancy (RE),Access Control
reentrancy (RE),Uninitialized Storage Pointers
reentrancy (RE),Access Control
reentrancy (RE),Access Control
reentrancy (RE),Uninitialized Storage Pointers
reentrancy (RE),Unchecked Low-Level Calls
reentrancy (RE),Access Control
reentrancy (RE),Improper Input Validation
reentrancy (RE),Reentrancy
reentrancy (RE),Unchecked Low-Level Calls
reentrancy (RE),Uninitialized Storage Pointers
reentrancy (RE),Access Control
reentrancy (RE),Unprotected Functions
reentrancy (RE),Access Control
reentrancy (RE),Access Control
reentrancy (RE),Access Control
reentrancy (RE),Uninitialized Storage Pointers
reentrancy (RE),Insecure Coding Patterns
reentrancy (RE),Access Control
reentrancy (RE),Access Control
reentrancy (RE),Integer Overflow/Underflow
reentrancy (RE),Access Control
reentrancy (RE),Composability Risks
reentrancy (RE),Access Control
reentrancy (RE),Integer Overflow/Underflow
reentrancy (RE),Access Control
reentrancy (RE),Oracle Dependencies
reentrancy (RE),Access Control
reentrancy (RE),Unchecked Low-Level Calls
reentrancy (RE),Unprotected Functions
reentrancy (RE),Unsafe Arithmetic Operations
reentrancy (RE),Uninitialized Storage Pointers
reentrancy (RE),Access Control
reentrancy (RE),Access Control
reentrancy (RE),Access Control
reentrancy (RE),Uninitialized Storage Pointers
reentrancy (RE),Access Control
reentrancy (RE),Access Control
reentrancy (RE),Access Control
reentrancy (RE),Unprotected Self-Destruct
reentrancy (RE),Unchecked Low-Level Calls
reentrancy (RE),Access Control
reentrancy (RE),Uninitialized Storage Pointers
reentrancy (RE),Access Control
reentrancy (RE),Insecure Coding Patterns
reentrancy (RE),Unchecked Low-Level Calls
reentrancy (RE),Access Control
reentrancy (RE),Access Control
reentrancy (RE),Unsafe Arithmetic Operations
reentrancy (RE),Unchecked Low-Level Calls
reentrancy (RE),Access Control
reentrancy (RE),Access Control
reentrancy (RE),Access Control
reentrancy (RE),Uninitialized Storage Pointers
reentrancy (RE),Unprotected Functions
reentrancy (RE),Unchecked Low-Level Calls
reentrancy (RE),Access Control
reentrancy (RE),Uninitialized Storage Pointers
reentrancy (RE),Access Control
reentrancy (RE),Insecure Coding Patterns
reentrancy (RE),Access Control
reentrancy (RE),Access Control
reentrancy (RE),Unchecked Low-Level Calls
reentrancy (RE),Access Control
reentrancy (RE),Unchecked Low-Level Calls
reentrancy (RE),Access Control
reentrancy (RE),Unprotected Functions
reentrancy (RE),Unprotected Functions
reentrancy (RE),Unprotected Functions
reentrancy (RE),Unprotected Functions
reentrancy (RE),Unprotected Functions
reentrancy (RE),Access Control
reentrancy (RE),Uninitialized Storage Pointers
reentrancy (RE),Unchecked Low-Level Calls
reentrancy (RE),Access Control
reentrancy (RE),Composability Risks
reentrancy (RE),Access Control
reentrancy (RE),Unexpected Ether Balance
reentrancy (RE),Access Control
reentrancy (RE),Uninitialized Storage Pointers
reentrancy (RE),Uninitialized Storage Pointers
reentrancy (RE),Uninitialized Storage Pointers
reentrancy (RE),Uninitialized Storage Pointers
reentrancy (RE),Uninitialized Storage Pointers
reentrancy (RE),Delegatecall
reentrancy (RE),Access Control
reentrancy (RE),Access Control
reentrancy (RE),Access Control
reentrancy (RE),Reentrancy
reentrancy (RE),Uninitialized Storage Pointers
reentrancy (RE),Uninitialized Storage Pointers
reentrancy (RE),Uninitialized Storage Pointers
reentrancy (RE),Uninitialized Storage Pointers
reentrancy (RE),Access Control
reentrancy (RE),Access Control
reentrancy (RE),Reentrancy
reentrancy (RE),Access Control
reentrancy (RE),Unchecked Low-Level Calls
reentrancy (RE),Access Control
reentrancy (RE),Access Control
reentrancy (RE),Access Control
reentrancy (RE),Access Control
reentrancy (RE),Uninitialized Storage Pointers
reentrancy (RE),Access Control
reentrancy (RE),Access Control
reentrancy (RE),Improper Input Validation
reentrancy (RE),Insecure Coding Patterns
reentrancy (RE),Insecure Coding Patterns
reentrancy (RE),Access Control
reentrancy (RE),Access Control
reentrancy (RE),Unprotected Functions
reentrancy (RE),Access Control
reentrancy (RE),Unprotected Functions
reentrancy (RE),Access Control
reentrancy (RE),Access Control
reentrancy (RE),Access Control
reentrancy (RE),Access Control
reentrancy (RE),Uninitialized Storage Pointers
reentrancy (RE),Uninitialized Storage Pointers
reentrancy (RE),Access Control
reentrancy (RE),Access Control
reentrancy (RE),Access Control
reentrancy (RE),Access Control
reentrancy (RE),Uninitialized Storage Pointers
reentrancy (RE),Access Control
reentrancy (RE),Unprotected Functions
reentrancy (RE),Unprotected Functions
reentrancy (RE),Unprotected Functions
reentrancy (RE),Access Control
reentrancy (RE),Access Control
reentrancy,Reentrancy
reentrancy,Reentrancy
reentrancy,Reentrancy
reentrancy,Reentrancy
reentrancy,Reentrancy
reentrancy,Access Control
reentrancy,Reentrancy
reentrancy,Reentrancy
reentrancy,Reentrancy
reentrancy,Reentrancy
reentrancy,Reentrancy
reentrancy,Reentrancy
reentrancy,Reentrancy
reentrancy,Reentrancy
reentrancy,Reentrancy
reentrancy,Reentrancy
reentrancy,Reentrancy
reentrancy,Reentrancy
reentrancy,Reentrancy
reentrancy,Reentrancy
reentrancy,Reentrancy
reentrancy,Reentrancy
reentrancy,Reentrancy
reentrancy,Reentrancy
reentrancy,Reentrancy
reentrancy,Reentrancy
reentrancy,Reentrancy
reentrancy,Reentrancy
reentrancy,Reentrancy
reentrancy,Reentrancy
reentrancy,Reentrancy
reentrancy,Reentrancy
ether strict equality (SE),Integer Overflow/Underflow
ether strict equality (SE),Access Control
ether strict equality (SE),Integer Overflow/Underflow
ether strict equality (SE),Access Control
ether strict equality (SE),Access Control
ether strict equality (SE),Access Control
ether strict equality (SE),Access Control
ether strict equality (SE),Access Control
ether strict equality (SE),Integer Overflow/Underflow
ether strict equality (SE),Access Control
ether strict equality (SE),Access Control
ether strict equality (SE),Unchecked Low-Level Calls
ether strict equality (SE),Integer Overflow/Underflow
ether strict equality (SE),Access Control
ether strict equality (SE),Access Control
ether strict equality (SE),Access Control
ether strict equality (SE),Access Control
ether strict equality (SE),Access Control
ether strict equality (SE),Access Control
ether strict equality (SE),Access Control
ether strict equality (SE),Unsafe Arithmetic Operations
ether strict equality (SE),Unsafe Arithmetic Operations
ether strict equality (SE),Access Control
ether strict equality (SE),Access Control
ether strict equality (SE),Integer Overflow/Underflow
ether strict equality (SE),Access Control
ether strict equality (SE),Access Control
ether strict equality (SE),Oracle Dependencies
ether strict equality (SE),Access Control
ether strict equality (SE),Access Control
ether strict equality (SE),Unsafe Arithmetic Operations
ether strict equality (SE),Access Control
ether strict equality (SE),Access Control
ether strict equality (SE),Access Control
ether strict equality (SE),Unprotected Functions
ether strict equality (SE),Access Control
ether strict equality (SE),Access Control
ether strict equality (SE),Access Control
ether strict equality (SE),Access Control
ether strict equality (SE),Access Control
ether strict equality (SE),Logical Flaws
ether strict equality (SE),Access Control
ether strict equality (SE),Access Control
ether strict equality (SE),Access Control
ether strict equality (SE),Access Control
ether strict equality (SE),Access Control
ether strict equality (SE),Access Control
ether strict equality (SE),Access Control
ether strict equality (SE),Access Control
ether strict equality (SE),Unprotected Functions
ether strict equality (SE),Integer Overflow/Underflow
ether strict equality (SE),Access Control
ether strict equality (SE),Insecure Coding Patterns
ether strict equality (SE),Access Control
ether strict equality (SE),Unsafe Arithmetic Operations
ether strict equality (SE),Integer Overflow/Underflow
ether strict equality (SE),Unsafe Arithmetic Operations
ether strict equality (SE),Access Control
ether strict equality (SE),Access Control
ether strict equality (SE),Access Control
ether strict equality (SE),Access Control
ether strict equality (SE),Access Control
ether strict equality (SE),Unprotected Functions
ether strict equality (SE),Unsafe Arithmetic Operations
ether strict equality (SE),Access Control
ether strict equality (SE),Access Control
ether strict equality (SE),Access Control
ether strict equality (SE),Access Control
ether strict equality (SE),Access Control
ether strict equality (SE),Access Control
ether strict equality (SE),Timestamp Dependence
ether strict equality (SE),Access Control
ether strict equality (SE),Access Control
ether strict equality (SE),Access Control
ether strict equality (SE),Access Control
ether strict equality (SE),Unprotected Functions
ether strict equality (SE),Unexpected Ether Balance
ether strict equality (SE),Unchecked Low-Level Calls
ether strict equality (SE),Oracle Dependencies
ether strict equality (SE),Unchecked Low-Level Calls
ether strict equality (SE),Access Control
ether strict equality (SE),Uninitialized Storage Pointers
ether strict equality (SE),Access Control
ether strict equality (SE),Access Control
ether strict equality (SE),Access Control
ether strict equality (SE),Access Control
ether strict equality (SE),Access Control
ether strict equality (SE),Airdrop Limit Bypass
ether strict equality (SE),Timestamp Dependence
ether strict equality (SE),Unsafe Arithmetic Operations
ether strict equality (SE),Access Control
ether strict equality (SE),Access Control
ether strict equality (SE),Access Control
ether strict equality (SE),Timestamp Dependence
ether strict equality (SE),Access Control
ether strict equality (SE),Unprotected Functions
ether strict equality (SE),Access Control
ether strict equality (SE),Access Control
ether strict equality (SE),Cryptographic Weaknesses
ether strict equality (SE),Access Control
ether strict equality (SE),Unsafe Arithmetic Operations
ether strict equality (SE),Integer Overflow/Underflow
ether strict equality (SE),Economic Exploits
ether strict equality (SE),Front-Running
ether strict equality (SE),Access Control
ether strict equality (SE),Access Control
ether strict equality (SE),Access Control
ether strict equality (SE),Access Control
ether strict equality (SE),Unprotected Functions
ether strict equality (SE),Access Control
ether strict equality (SE),Access Control
ether strict equality (SE),Access Control
ether strict equality (SE),Access Control
ether strict equality (SE),Access Control
ether strict equality (SE),Access Control
ether strict equality (SE),Access Control
ether strict equality (SE),Access Control
ether strict equality (SE),Access Control
ether strict equality (SE),Access Control
ether strict equality (SE),Access Control
ether strict equality (SE),Access Control
ether strict equality (SE),Access Control
ether strict equality (SE),Access Control
ether strict equality (SE),Unsafe Arithmetic Operations
ether strict equality (SE),Access Control
ether strict equality (SE),Unsafe Arithmetic Operations
ether strict equality (SE),Unsafe Arithmetic Operations
ether strict equality (SE),Access Control
ether strict equality (SE),Access Control
ether strict equality (SE),Access Control
ether strict equality (SE),Access Control
ether strict equality (SE),Access Control
ether strict equality (SE),Access Control
ether strict equality (SE),Access Control
ether strict equality (SE),Access Control
ether strict equality (SE),Unsafe Arithmetic Operations
ether strict equality (SE),Access Control
ether strict equality (SE),Access Control
ether strict equality (SE),Access Control
ether strict equality (SE),Access Control
ether strict equality (SE),Unprotected Functions
ether strict equality (SE),Access Control
ether strict equality (SE),Access Control
ether strict equality (SE),Integer Overflow/Underflow
ether strict equality (SE),Access Control
ether strict equality (SE),Access Control
ether strict equality (SE),Access Control
ether strict equality (SE),Access Control
ether strict equality (SE),Access Control
ether strict equality (SE),Access Control
ether strict equality (SE),Unprotected Self-Destruct
ether strict equality (SE),Access Control
ether strict equality (SE),Access Control
ether strict equality (SE),Access Control
ether strict equality (SE),Access Control
ether strict equality (SE),Access Control
ether strict equality (SE),Access Control
ether strict equality (SE),Unsafe Arithmetic Operations
ether strict equality (SE),Access Control
ether strict equality (SE),Front-Running
ether strict equality (SE),Access Control
ether strict equality (SE),Timestamp Dependence
ether strict equality (SE),Access Control
ether strict equality (SE),Access Control
ether strict equality (SE),Access Control
ether strict equality (SE),Access Control
ether strict equality (SE),Access Control
ether strict equality (SE),Access Control
ether strict equality (SE),Access Control
ether strict equality (SE),Access Control
ether strict equality (SE),Access Control
ether strict equality (SE),Access Control
ether strict equality (SE),Access Control
ether strict equality (SE),Unsafe Arithmetic Operations
ether strict equality (SE),Unprotected Functions
ether strict equality (SE),Unprotected Functions
ether strict equality (SE),Access Control
ether strict equality (SE),Unsafe Arithmetic Operations
ether strict equality (SE),Improper Input Validation
ether strict equality (SE),Access Control
ether strict equality (SE),Access Control
ether strict equality (SE),Unsafe Arithmetic Operations
ether strict equality (SE),Access Control
ether strict equality (SE),Access Control
ether strict equality (SE),Access Control
ether strict equality (SE),Integer Overflow/Underflow
ether strict equality (SE),Unsafe Arithmetic Operations
ether strict equality (SE),Access Control
ether strict equality (SE),Integer Overflow/Underflow
ether strict equality (SE),Access Control
ether strict equality (SE),Access Control
ether strict equality (SE),Access Control
ether strict equality (SE),Integer Overflow/Underflow
ether strict equality (SE),Access Control
ether strict equality (SE),Integer Overflow/Underflow
ether strict equality (SE),Unsafe Arithmetic Operations
ether strict equality (SE),Integer Overflow/Underflow
ether strict equality (SE),Access Control
ether strict equality (SE),Access Control
ether strict equality (SE),Access Control
ether strict equality (SE),Access Control
ether strict equality (SE),Unsafe Arithmetic Operations
ether strict equality (SE),Integer Overflow/Underflow
ether strict equality (SE),Access Control
ether strict equality (SE),Unsafe Arithmetic Operations
ether strict equality (SE),Access Control
ether strict equality (SE),Access Control
ether strict equality (SE),Access Control
ether strict equality (SE),Access Control
ether strict equality (SE),Access Control
ether strict equality (SE),Unsafe Arithmetic Operations
ether strict equality (SE),Access Control
ether strict equality (SE),Access Control
ether strict equality (SE),Access Control
ether strict equality (SE),Access Control
ether strict equality (SE),Timestamp Dependence
ether strict equality (SE),Access Control
ether strict equality (SE),Integer Overflow/Underflow
ether strict equality (SE),Access Control
ether strict equality (SE),Access Control
ether strict equality (SE),Access Control
ether strict equality (SE),Access Control
ether strict equality (SE),Access Control
ether strict equality (SE),Access Control
ether strict equality (SE),Access Control
ether strict equality (SE),Access Control
ether strict equality (SE),Logical Flaws
ether strict equality (SE),Access Control
ether strict equality (SE),Access Control
ether strict equality (SE),Access Control
ether strict equality (SE),Unexpected Ether Balance
ether strict equality (SE),Access Control
ether strict equality (SE),Access Control
ether strict equality (SE),Access Control
ether strict equality (SE),Access Control
ether strict equality (SE),Access Control
ether strict equality (SE),Access Control
ether strict equality (SE),Access Control
ether strict equality (SE),Unexpected Ether Balance
ether strict equality (SE),Access Control
ether strict equality (SE),Access Control
ether strict equality (SE),Unsafe Arithmetic Operations
ether strict equality (SE),Access Control
ether strict equality (SE),Access Control
ether strict equality (SE),Unsafe Arithmetic Operations
ether strict equality (SE),Access Control
ether strict equality (SE),Access Control
ether strict equality (SE),Access Control
ether strict equality (SE),Unprotected Functions
ether strict equality (SE),Access Control
ether strict equality (SE),Access Control
ether strict equality (SE),Front-Running
ether strict equality (SE),Access Control
ether strict equality (SE),Unprotected Functions
ether strict equality (SE),Access Control
ether strict equality (SE),Access Control
ether strict equality (SE),Access Control
ether strict equality (SE),Access Control
ether strict equality (SE),Access Control
ether strict equality (SE),Access Control
ether strict equality (SE),Access Control
ether strict equality (SE),Unsafe Arithmetic Operations
ether strict equality (SE),Unprotected Functions
ether strict equality (SE),Access Control
ether strict equality (SE),Access Control
ether strict equality (SE),Access Control
ether strict equality (SE),Access Control
ether strict equality (SE),Access Control
ether strict equality (SE),Access Control
ether strict equality (SE),Access Control
ether strict equality (SE),Access Control
ether strict equality (SE),Access Control
ether strict equality (SE),Access Control
ether strict equality (SE),Access Control
ether strict equality (SE),Access Control
ether strict equality (SE),Access Control
ether strict equality (SE),Access Control
ether strict equality (SE),Economic Exploits
ether strict equality (SE),Access Control
ether strict equality (SE),Insecure Randomness
ether strict equality (SE),Access Control
ether strict equality (SE),Access Control
ether strict equality (SE),Access Control
ether strict equality (SE),Access Control
ether strict equality (SE),Unprotected Functions
ether strict equality (SE),Unsafe Arithmetic Operations
ether strict equality (SE),Unchecked Low-Level Calls
ether strict equality (SE),Access Control
ether strict equality (SE),Access Control
ether strict equality (SE),Access Control
ether strict equality (SE),Access Control
ether strict equality (SE),Access Control
ether strict equality (SE),Access Control
ether strict equality (SE),Access Control
ether strict equality (SE),Access Control
ether strict equality (SE),Access Control
ether strict equality (SE),Access Control
ether strict equality (SE),Access Control
ether strict equality (SE),Access Control
ether strict equality (SE),Access Control
ether strict equality (SE),Unprotected Functions
ether strict equality (SE),Unsafe Arithmetic Operations
ether strict equality (SE),Access Control
ether strict equality (SE),Access Control
ether strict equality (SE),Integer Overflow/Underflow
ether strict equality (SE),Logical Flaws
ether strict equality (SE),Access Control
ether strict equality (SE),Access Control
ether strict equality (SE),Unprotected Functions
ether strict equality (SE),Access Control
ether strict equality (SE),Integer Overflow/Underflow
ether strict equality (SE),Integer Overflow/Underflow
ether strict equality (SE),Access Control
ether strict equality (SE),Access Control
ether strict equality (SE),Access Control
ether strict equality (SE),Access Control
ether strict equality (SE),Access Control
ether strict equality (SE),Access Control
ether strict equality (SE),Access Control
ether strict equality (SE),Logical Flaws
ether strict equality (SE),Front-Running
ether strict equality (SE),Access Control
ether strict equality (SE),Access Control
ether strict equality (SE),Access Control
ether strict equality (SE),Access Control
ether strict equality (SE),Access Control
ether strict equality (SE),Unprotected Functions
ether strict equality (SE),Access Control
ether strict equality (SE),Unsafe Arithmetic Operations
ether strict equality (SE),Access Control
ether strict equality (SE),Access Control
ether strict equality (SE),Access Control
ether strict equality (SE),Access Control
ether strict equality (SE),Access Control
ether strict equality (SE),Access Control
ether strict equality (SE),Access Control
ether strict equality (SE),Access Control
ether strict equality (SE),Access Control
ether strict equality (SE),Access Control
ether strict equality (SE),Unsafe Arithmetic Operations
ether strict equality (SE),Improper Input Validation
ether strict equality (SE),Access Control
ether strict equality (SE),Access Control
ether strict equality (SE),Access Control
ether strict equality (SE),Access Control
ether strict equality (SE),Unsafe Arithmetic Operations
ether strict equality (SE),Access Control
ether strict equality (SE),Access Control
ether strict equality (SE),Access Control
ether strict equality (SE),Access Control
ether strict equality (SE),Unsafe Arithmetic Operations
ether strict equality (SE),Access Control
ether strict equality (SE),Access Control
ether strict equality (SE),Access Control
ether strict equality (SE),Access Control
ether strict equality (SE),Access Control
ether strict equality (SE),Integer Overflow/Underflow
ether strict equality (SE),Access Control
ether strict equality (SE),Access Control
ether strict equality (SE),Economic Exploits
ether strict equality (SE),Access Control
ether strict equality (SE),Access Control
ether strict equality (SE),Improper Input Validation
ether strict equality (SE),Access Control
ether strict equality (SE),Access Control
ether strict equality (SE),Access Control
denial_of_service,Denial of Service
denial_of_service,Denial of Service
denial_of_service,Denial of Service
denial_of_service,Denial of Service
denial_of_service,Denial of Service
denial_of_service,Denial of Service
denial_of_service,Denial of Service
dangerous delegatecall (DE),Unprotected Self-Destruct
dangerous delegatecall (DE),Delegatecall
dangerous delegatecall (DE),Access Control
dangerous delegatecall (DE),Delegatecall
dangerous delegatecall (DE),Access Control
dangerous delegatecall (DE),Access Control
dangerous delegatecall (DE),Delegatecall
dangerous delegatecall (DE),Access Control
dangerous delegatecall (DE),Delegatecall
dangerous delegatecall (DE),Delegatecall
dangerous delegatecall (DE),Access Control
dangerous delegatecall (DE),Access Control
dangerous delegatecall (DE),Access Control
dangerous delegatecall (DE),Delegatecall
dangerous delegatecall (DE),Access Control
dangerous delegatecall (DE),Access Control
dangerous delegatecall (DE),Access Control
dangerous delegatecall (DE),Delegatecall
dangerous delegatecall (DE),Unchecked Low-Level Calls
dangerous delegatecall (DE),Unsafe Arithmetic Operations
dangerous delegatecall (DE),Delegatecall
dangerous delegatecall (DE),Access Control
dangerous delegatecall (DE),Access Control
dangerous delegatecall (DE),Delegatecall
dangerous delegatecall (DE),Access Control
dangerous delegatecall (DE),Access Control
dangerous delegatecall (DE),Delegatecall
dangerous delegatecall (DE),Access Control
dangerous delegatecall (DE),Delegatecall
dangerous delegatecall (DE),Delegatecall
dangerous delegatecall (DE),Access Control
dangerous delegatecall (DE),Access Control
dangerous delegatecall (DE),Access Control
dangerous delegatecall (DE),Delegatecall
dangerous delegatecall (DE),Unchecked Low-Level Calls
dangerous delegatecall (DE),Delegatecall
dangerous delegatecall (DE),Access Control
dangerous delegatecall (DE),Delegatecall
dangerous delegatecall (DE),Delegatecall
dangerous delegatecall (DE),Delegatecall
dangerous delegatecall (DE),Delegatecall
dangerous delegatecall (DE),Delegatecall
dangerous delegatecall (DE),Access Control
dangerous delegatecall (DE),Access Control
dangerous delegatecall (DE),Uninitialized Storage Pointers
dangerous delegatecall (DE),Access Control
dangerous delegatecall (DE),Delegatecall
dangerous delegatecall (DE),Access Control
dangerous delegatecall (DE),Delegatecall
dangerous delegatecall (DE),Access Control
dangerous delegatecall (DE),Delegatecall
dangerous delegatecall (DE),Access Control
dangerous delegatecall (DE),Delegatecall
dangerous delegatecall (DE),Access Control
dangerous delegatecall (DE),Access Control
dangerous delegatecall (DE),Access Control
dangerous delegatecall (DE),Delegatecall
dangerous delegatecall (DE),Access Control
dangerous delegatecall (DE),Access Control
dangerous delegatecall (DE),Delegatecall 
dangerous delegatecall (DE),Delegatecall
dangerous delegatecall (DE),Access Control
dangerous delegatecall (DE),Delegatecall
dangerous delegatecall (DE),Access Control
dangerous delegatecall (DE),Delegatecall
dangerous delegatecall (DE),Access Control
dangerous delegatecall (DE),Access Control
dangerous delegatecall (DE),Access Control
dangerous delegatecall (DE),Access Control
dangerous delegatecall (DE),Access Control
dangerous delegatecall (DE),Access Control
dangerous delegatecall (DE),Delegatecall
dangerous delegatecall (DE),Delegatecall
dangerous delegatecall (DE),Access Control
dangerous delegatecall (DE),Access Control
dangerous delegatecall (DE),Delegatecall
dangerous delegatecall (DE),Access Control
dangerous delegatecall (DE),Access Control
dangerous delegatecall (DE),Delegatecall
dangerous delegatecall (DE),Delegatecall
dangerous delegatecall (DE),Access Control
dangerous delegatecall (DE),Delegatecall
dangerous delegatecall (DE),Access Control
dangerous delegatecall (DE),Delegatecall
dangerous delegatecall (DE),Access Control
dangerous delegatecall (DE),Delegatecall
dangerous delegatecall (DE),Delegatecall
dangerous delegatecall (DE),Delegatecall
dangerous delegatecall (DE),Access Control
dangerous delegatecall (DE),Delegatecall
dangerous delegatecall (DE),Access Control
dangerous delegatecall (DE),Delegatecall
dangerous delegatecall (DE),Delegatecall
dangerous delegatecall (DE),Access Control
dangerous delegatecall (DE),Access Control
dangerous delegatecall (DE),Unsafe Arithmetic Operations
dangerous delegatecall (DE),Delegatecall
dangerous delegatecall (DE),Delegatecall
block number dependency (BN),Front-Running
block number dependency (BN),Access Control
block number dependency (BN),Access Control
block number dependency (BN),Front-Running
block number dependency (BN),Front-Running
block number dependency (BN),Insecure Randomness
block number dependency (BN),Logical Flaws
block number dependency (BN),Access Control
block number dependency (BN),Access Control
block number dependency (BN),Front-Running
block number dependency (BN),Access Control
block number dependency (BN),Access Control
block number dependency (BN),Integer Overflow/Underflow
block number dependency (BN),Front-Running
block number dependency (BN),Access Control
block number dependency (BN),Front-Running
block number dependency (BN),Access Control
block number dependency (BN),Access Control
block number dependency (BN),Front-Running
block number dependency (BN),Access Control
block number dependency (BN),Access Control
block number dependency (BN),Front-Running
block number dependency (BN),Access Control
block number dependency (BN),Access Control
block number dependency (BN),Access Control
block number dependency (BN),Front-Running
block number dependency (BN),Front-Running
block number dependency (BN),Access Control
block number dependency (BN),Front-Running
block number dependency (BN),Front-Running
block number dependency (BN),Front-Running
block number dependency (BN),Access Control
block number dependency (BN),Access Control
block number dependency (BN),Front-Running
block number dependency (BN),Front-Running
block number dependency (BN),Access Control
block number dependency (BN),Logical Flaws
block number dependency (BN),Access Control
block number dependency (BN),Front-Running
block number dependency (BN),Access Control
block number dependency (BN),Front-Running
block number dependency (BN),Front-Running
block number dependency (BN),Access Control
block number dependency (BN),Front-Running
block number dependency (BN),Front-Running
block number dependency (BN),Integer Overflow/Underflow
block number dependency (BN),Front-Running
block number dependency (BN),Front-Running
block number dependency (BN),Logical Flaws
block number dependency (BN),Front-Running
block number dependency (BN),Front-Running
block number dependency (BN),Front-Running
block number dependency (BN),Access Control
block number dependency (BN),Integer Overflow/Underflow
block number dependency (BN),Access Control
block number dependency (BN),Integer Overflow/Underflow
block number dependency (BN),Access Control
block number dependency (BN),Front-Running
block number dependency (BN),Access Control
block number dependency (BN),Front-Running
block number dependency (BN),Improper Input Validation
block number dependency (BN),Access Control
block number dependency (BN),Front-Running
block number dependency (BN),Logical Flaws
block number dependency (BN),Front-Running
block number dependency (BN),Oracle Dependencies
block number dependency (BN),Access Control
block number dependency (BN),Reentrancy
block number dependency (BN),Front-Running
block number dependency (BN),Front-Running
block number dependency (BN),Front-Running
block number dependency (BN),Access Control
block number dependency (BN),Front-Running
block number dependency (BN),Access Control
block number dependency (BN),Front-Running
block number dependency (BN),Access Control
block number dependency (BN),Access Control
block number dependency (BN),Front-Running
block number dependency (BN),Front-Running
block number dependency (BN),Logical Flaws
block number dependency (BN),Oracle Dependencies
block number dependency (BN),Access Control
block number dependency (BN),Access Control
block number dependency (BN),Front-Running
block number dependency (BN),Front-Running
block number dependency (BN),Front-Running
block number dependency (BN),Access Control
block number dependency (BN),Access Control
block number dependency (BN),Unsafe Arithmetic Operations
block number dependency (BN),Access Control
block number dependency (BN),Access Control
block number dependency (BN),Logical Flaws
block number dependency (BN),Access Control
block number dependency (BN),Access Control
block number dependency (BN),Access Control
block number dependency (BN),Logical Flaws
block number dependency (BN),Access Control
block number dependency (BN),Logical Flaws
block number dependency (BN),Front-Running
block number dependency (BN),Front-Running
block number dependency (BN),Front-Running
block number dependency (BN),Front-Running
block number dependency (BN),Front-Running
block number dependency (BN),Access Control
block number dependency (BN),Access Control
block number dependency (BN),Front-Running
block number dependency (BN),Access Control
block number dependency (BN),Front-Running
block number dependency (BN),Front-Running
block number dependency (BN),Access Control
block number dependency (BN),Front-Running
block number dependency (BN),Front-Running
block number dependency (BN),Front-Running
block number dependency (BN),Access Control
block number dependency (BN),Access Control
block number dependency (BN),Access Control
block number dependency (BN),Access Control
block number dependency (BN),Access Control
block number dependency (BN),Insecure Randomness
block number dependency (BN),Front-Running
block number dependency (BN),Economic Exploits
block number dependency (BN),Front-Running
block number dependency (BN),Access Control
block number dependency (BN),Front-Running
block number dependency (BN),Front-Running
block number dependency (BN),Access Control
block number dependency (BN),Front-Running
block number dependency (BN),Logical Flaws
block number dependency (BN),Front-Running
block number dependency (BN),Access Control
block number dependency (BN),Front-Running
block number dependency (BN),Front-Running
block number dependency (BN),Unchecked Low-Level Calls
block number dependency (BN),Unsafe External Calls
block number dependency (BN),Front-Running
block number dependency (BN),Front-Running
block number dependency (BN),Front-Running
block number dependency (BN),Integer Overflow/Underflow
block number dependency (BN),Front-Running
block number dependency (BN),Logical Flaws
block number dependency (BN),Front-Running
block number dependency (BN),Access Control
block number dependency (BN),Front-Running
block number dependency (BN),Front-Running
block number dependency (BN),Front-Running
block number dependency (BN),Access Control
block number dependency (BN),Front-Running
block number dependency (BN),Front-Running
block number dependency (BN),Front-Running
block number dependency (BN),Front-Running
block number dependency (BN),Access Control
block number dependency (BN),Front-Running
block number dependency (BN),Access Control
block number dependency (BN),Access Control
block number dependency (BN),Access Control
block number dependency (BN),Front-Running
block number dependency (BN),Front-Running
block number dependency (BN),Access Control
block number dependency (BN),Front-Running
block number dependency (BN),Access Control
block number dependency (BN),Front-Running
block number dependency (BN),Access Control
block number dependency (BN),Access Control
block number dependency (BN),Front-Running
block number dependency (BN),Front-Running
block number dependency (BN),Access Control
block number dependency (BN),Front-Running
block number dependency (BN),Front-Running
block number dependency (BN),Access Control
block number dependency (BN),Access Control
block number dependency (BN),Access Control
block number dependency (BN),Front-Running
block number dependency (BN),Front-Running
block number dependency (BN),Front-Running
block number dependency (BN),Front-Running
block number dependency (BN),Front-Running
block number dependency (BN),Logical Flaws
block number dependency (BN),Front-Running
block number dependency (BN),Access Control
block number dependency (BN),Access Control
block number dependency (BN),Access Control
block number dependency (BN),Front-Running
block number dependency (BN),Access Control
block number dependency (BN),Logical Flaws
block number dependency (BN),Logical Flaws
block number dependency (BN),Front-Running
block number dependency (BN),Front-Running
block number dependency (BN),Access Control
block number dependency (BN),Access Control
block number dependency (BN),Front-Running
block number dependency (BN),Access Control
block number dependency (BN),Front-Running
block number dependency (BN),Front-Running
block number dependency (BN),Front-Running
block number dependency (BN),Front-Running
block number dependency (BN),Front-Running
block number dependency (BN),Logical Flaws
block number dependency (BN),Insecure Randomness
block number dependency (BN),Access Control
block number dependency (BN),Front-Running
block number dependency (BN),Access Control
block number dependency (BN),Logical Flaws
block number dependency (BN),Front-Running
block number dependency (BN),Front-Running
block number dependency (BN),Access Control
block number dependency (BN),Logical Flaws
block number dependency (BN),Front-Running
block number dependency (BN),Access Control
block number dependency (BN),Logical Flaws
block number dependency (BN),Front-Running
block number dependency (BN),Logical Flaws
block number dependency (BN),Logical Flaws
block number dependency (BN),Front-Running
block number dependency (BN),Access Control
block number dependency (BN),Logical Flaws
block number dependency (BN),Access Control
block number dependency (BN),Front-Running
block number dependency (BN),Logical Flaws
block number dependency (BN),Front-Running
block number dependency (BN),Logical Flaws
block number dependency (BN),Front-Running
block number dependency (BN),Unsafe Arithmetic Operations
block number dependency (BN),Access Control
block number dependency (BN),Access Control
block number dependency (BN),Access Control
block number dependency (BN),Integer Overflow/Underflow
block number dependency (BN),Front-Running
block number dependency (BN),Access Control
block number dependency (BN),Access Control
block number dependency (BN),Front-Running
block number dependency (BN),Logical Flaws
block number dependency (BN),Front-Running
block number dependency (BN),Front-Running
block number dependency (BN),Front-Running
block number dependency (BN),Front-Running
block number dependency (BN),Front-Running
block number dependency (BN),Access Control
block number dependency (BN),Access Control
block number dependency (BN),Logical Flaws
block number dependency (BN),Access Control
block number dependency (BN),Front-Running
block number dependency (BN),Front-Running
block number dependency (BN),Front-Running
block number dependency (BN),Access Control
block number dependency (BN),Front-Running
block number dependency (BN),Front-Running
block number dependency (BN),Front-Running
block number dependency (BN),Front-Running
block number dependency (BN),Front-Running
block number dependency (BN),Front-Running
block number dependency (BN),Unsafe Arithmetic Operations
block number dependency (BN),Logical Flaws
block number dependency (BN),Front-Running
block number dependency (BN),Front-Running
block number dependency (BN),Front-Running
block number dependency (BN),Front-Running
block number dependency (BN),Front-Running
block number dependency (BN),Access Control
block number dependency (BN),Unchecked Low-Level Calls
block number dependency (BN),Access Control
block number dependency (BN),Access Control
block number dependency (BN),Access Control
block number dependency (BN),Access Control
block number dependency (BN),Front-Running
block number dependency (BN),Access Control
block number dependency (BN),Access Control
block number dependency (BN),Access Control
block number dependency (BN),Logical Flaws
block number dependency (BN),Logical Flaws
block number dependency (BN),Front-Running
block number dependency (BN),Integer Overflow/Underflow
block number dependency (BN),Front-Running
block number dependency (BN),Access Control
block number dependency (BN),Front-Running
block number dependency (BN),Front-Running
block number dependency (BN),Front-Running
block number dependency (BN),Access Control
block number dependency (BN),Access Control
block number dependency (BN),Front-Running
block number dependency (BN),Front-Running
block number dependency (BN),Front-Running
block number dependency (BN),Front-Running
block number dependency (BN),Access Control
block number dependency (BN),Access Control
block number dependency (BN),Front-Running
block number dependency (BN),Access Control
block number dependency (BN),Access Control
block number dependency (BN),Front-Running
block number dependency (BN),Unsafe External Calls
block number dependency (BN),Access Control
block number dependency (BN),Access Control
block number dependency (BN),Front-Running
block number dependency (BN),Logical Flaws
block number dependency (BN),Access Control
block number dependency (BN),Integer Overflow/Underflow
block number dependency (BN),Access Control
block number dependency (BN),Access Control
block number dependency (BN),Access Control
block number dependency (BN),Front-Running
block number dependency (BN),Access Control
block number dependency (BN),Access Control
block number dependency (BN),Front-Running
block number dependency (BN),Front-Running
block number dependency (BN),Front-Running
block number dependency (BN),Front-Running
block number dependency (BN),Front-Running
block number dependency (BN),Access Control
block number dependency (BN),Access Control
block number dependency (BN),Front-Running
block number dependency (BN),Access Control
block number dependency (BN),Logical Flaws
block number dependency (BN),Front-Running
block number dependency (BN),Front-Running
block number dependency (BN),Front-Running
block number dependency (BN),Access Control
block number dependency (BN),Access Control
block number dependency (BN),Access Control
block number dependency (BN),Access Control
block number dependency (BN),Logical Flaws
block number dependency (BN),Front-Running
block number dependency (BN),Access Control
block number dependency (BN),Front-Running
block number dependency (BN),Logical Flaws
block number dependency (BN),Front-Running
block number dependency (BN),Access Control
block number dependency (BN),Front-Running
block number dependency (BN),Access Control
block number dependency (BN),Front-Running
block number dependency (BN),Access Control
block number dependency (BN),Access Control
block number dependency (BN),Front-Running
block number dependency (BN),Access Control
block number dependency (BN),Access Control
block number dependency (BN),Access Control
block number dependency (BN),Front-Running
block number dependency (BN),Front-Running
block number dependency (BN),Access Control
block number dependency (BN),Front-Running
block number dependency (BN),Integer Overflow/Underflow
block number dependency (BN),Front-Running
block number dependency (BN),Front-Running
block number dependency (BN),Access Control
block number dependency (BN),Unsafe External Calls
block number dependency (BN),Access Control
block number dependency (BN),Access Control
block number dependency (BN),Access Control
block number dependency (BN),Front-Running
block number dependency (BN),Access Control
block number dependency (BN),Oracle Dependencies
block number dependency (BN),Access Control
block number dependency (BN),Front-Running
block number dependency (BN),Logical Flaws
block number dependency (BN),Access Control
block number dependency (BN),Front-Running
block number dependency (BN),Front-Running
block number dependency (BN),Logical Flaws
block number dependency (BN),Access Control
block number dependency (BN),Front-Running
block number dependency (BN),Access Control
block number dependency (BN),Access Control
block number dependency (BN),Access Control
block number dependency (BN),Front-Running
block number dependency (BN),Front-Running
block number dependency (BN),Access Control
block number dependency (BN),Access Control
block number dependency (BN),Front-Running
block number dependency (BN),Unsafe Arithmetic Operations
block number dependency (BN),Front-Running
block number dependency (BN),Access Control
block number dependency (BN),Access Control
block number dependency (BN),Front-Running
block number dependency (BN),Front-Running
block number dependency (BN),Access Control
block number dependency (BN),Front-Running
block number dependency (BN),Logical Flaws
block number dependency (BN),Insecure Randomness
block number dependency (BN),Access Control
block number dependency (BN),Access Control
block number dependency (BN),Access Control
block number dependency (BN),Access Control
block number dependency (BN),Access Control
block number dependency (BN),Cryptographic Weaknesses
block number dependency (BN),Timestamp Dependence
block number dependency (BN),Logical Flaws
block number dependency (BN),Front-Running
block number dependency (BN),Front-Running
block number dependency (BN),Access Control
block number dependency (BN),Logical Flaws
block number dependency (BN),Front-Running
block number dependency (BN),Access Control
block number dependency (BN),Reentrancy
block number dependency (BN),Logical Flaws
block number dependency (BN),Front-Running
block number dependency (BN),Front-Running
block number dependency (BN),Front-Running
block number dependency (BN),Access Control
block number dependency (BN),Access Control
block number dependency (BN),Front-Running
block number dependency (BN),Access Control
block number dependency (BN),Front-Running
block number dependency (BN),Access Control
